{"cameraMode":{"drawMode":0,"name":"Shaded","section":"Shading Mode"},"sceneLighting":false,"audioPlay":false,"sceneViewState":{"showFog":true,"showMaterialUpdate":false,"showSkybox":false,"showFlares":true,"showImageEffects":true,"showParticleSystems":true,"showVisualEffectGraphs":true,"m_FxEnabled":true},"in2DMode":false,"pivot":{"x":0.14469024538993836,"y":0.2567495107650757,"z":-4.609530448913574},"rotation":{"x":0.19797734916210175,"y":-0.32513198256492617,"z":0.06980954110622406,"w":0.9220641851425171},"size":1.145643949508667,"orthographic":true}