{"cameraMode":{"drawMode":0,"name":"Shaded","section":"Shading Mode"},"sceneLighting":true,"audioPlay":false,"sceneViewState":{"showFog":true,"showMaterialUpdate":false,"showSkybox":true,"showFlares":true,"showImageEffects":true,"showParticleSystems":true,"showVisualEffectGraphs":true,"m_FxEnabled":true},"in2DMode":false,"pivot":{"x":4.379347324371338,"y":-2.0125317573547365,"z":-2.7459716796875},"rotation":{"x":0.014997734688222409,"y":-0.014997790567576886,"z":0.0002241786423837766,"w":0.999769389629364},"size":2.8251094818115236,"orthographic":true}