{"cameraMode":{"drawMode":0,"name":"Shaded","section":"Shading Mode"},"sceneLighting":false,"audioPlay":false,"sceneViewState":{"showFog":true,"showMaterialUpdate":false,"showSkybox":false,"showFlares":true,"showImageEffects":true,"showParticleSystems":true,"showVisualEffectGraphs":true,"m_FxEnabled":true},"in2DMode":false,"pivot":{"x":0.019762933254241945,"y":-0.13169938325881959,"z":-4.5933332443237309},"rotation":{"x":0.08616841584444046,"y":-0.12815579771995545,"z":0.011177620850503445,"w":0.9879388213157654},"size":0.8660253882408142,"orthographic":true}